{
  "000858": {
    "latest_date": "2026-03-26",
    "main_net_flow_1d": -124796610.0,
    "main_net_ratio_1d": -0.1276,
    "main_net_flow_5d": -709971751.0,
    "main_net_ratio_5d": -0.09644,
    "close_price": 101.28,
    "pct_change_1d": -0.011399999999999999
  }
}