{
  "化学制药": {
    "label": "化学制药",
    "score": 79.11,
    "pct_change": 0.0302,
    "breadth": 0.9808917197452229,
    "net_inflow": 35.56,
    "leader": "舒泰神",
    "leader_pct_change": 0.11800000000000001
  },
  "医疗服务": {
    "label": "医疗服务",
    "score": 76.07,
    "pct_change": 0.0281,
    "breadth": 0.9814814814814815,
    "net_inflow": 9.39,
    "leader": "益诺思",
    "leader_pct_change": 0.13369999999999999
  },
  "互联网电商": {
    "label": "互联网电商",
    "score": 74.56,
    "pct_change": 0.027999999999999997,
    "breadth": 0.9473684210526315,
    "net_inflow": 3.29,
    "leader": "新迅达",
    "leader_pct_change": 0.1016
  },
  "小金属": {
    "label": "小金属",
    "score": 74.03,
    "pct_change": 0.0246,
    "breadth": 0.9285714285714286,
    "net_inflow": 20.41,
    "leader": "云南锗业",
    "leader_pct_change": 0.0955
  },
  "农化制品": {
    "label": "农化制品",
    "score": 75.05,
    "pct_change": 0.024399999999999998,
    "breadth": 1.0,
    "net_inflow": 9.66,
    "leader": "赤天化",
    "leader_pct_change": 0.1005
  },
  "能源金属": {
    "label": "能源金属",
    "score": 70.46,
    "pct_change": 0.024,
    "breadth": 0.8461538461538461,
    "net_inflow": 8.2,
    "leader": "盛新锂能",
    "leader_pct_change": 0.0662
  },
  "生物制品": {
    "label": "生物制品",
    "score": 72.82,
    "pct_change": 0.022099999999999998,
    "breadth": 0.9622641509433962,
    "net_inflow": 7.15,
    "leader": "康弘药业",
    "leader_pct_change": 0.0998
  },
  "化学原料": {
    "label": "化学原料",
    "score": 69.65,
    "pct_change": 0.0192,
    "breadth": 0.896551724137931,
    "net_inflow": 5.84,
    "leader": "山东海化",
    "leader_pct_change": 0.1007
  },
  "医疗器械": {
    "label": "医疗器械",
    "score": 71.68,
    "pct_change": 0.018799999999999997,
    "breadth": 0.9637681159420289,
    "net_inflow": 9.61,
    "leader": "普昂医疗",
    "leader_pct_change": 1.4755
  },
  "贵金属": {
    "label": "贵金属",
    "score": 72.59,
    "pct_change": 0.018600000000000002,
    "breadth": 1.0,
    "net_inflow": 9.38,
    "leader": "赤峰黄金",
    "leader_pct_change": 0.0571
  },
  "电子化学品": {
    "label": "电子化学品",
    "score": 67.96,
    "pct_change": 0.0182,
    "breadth": 0.8333333333333334,
    "net_inflow": 11.84,
    "leader": "鼎龙股份",
    "leader_pct_change": 0.18059999999999998
  },
  "金属新材料": {
    "label": "金属新材料",
    "score": 68.24,
    "pct_change": 0.0177,
    "breadth": 0.875,
    "net_inflow": 3.71,
    "leader": "深圳新星",
    "leader_pct_change": 0.0659
  },
  "农产品加工": {
    "label": "农产品加工",
    "score": 68.85,
    "pct_change": 0.0169,
    "breadth": 0.9069767441860465,
    "net_inflow": 4.3,
    "leader": "粤海饲料",
    "leader_pct_change": 0.10039999999999999
  },
  "中药": {
    "label": "中药",
    "score": 69.41,
    "pct_change": 0.0158,
    "breadth": 0.9411764705882353,
    "net_inflow": 5.05,
    "leader": "万邦德",
    "leader_pct_change": 0.1001
  },
  "美容护理": {
    "label": "美容护理",
    "score": 66.93,
    "pct_change": 0.0149,
    "breadth": 0.875,
    "net_inflow": 2.1,
    "leader": "嘉亨家化",
    "leader_pct_change": 0.0632
  },
  "食品加工制造": {
    "label": "食品加工制造",
    "score": 69.95,
    "pct_change": 0.0148,
    "breadth": 0.9692307692307692,
    "net_inflow": 7.1,
    "leader": "海天味业",
    "leader_pct_change": 0.0723
  },
  "化学制品": {
    "label": "化学制品",
    "score": 67.05,
    "pct_change": 0.0132,
    "breadth": 0.888235294117647,
    "net_inflow": 7.64,
    "leader": "科拓生物",
    "leader_pct_change": 0.1999
  },
  "饮料制造": {
    "label": "饮料制造",
    "score": 67.81,
    "pct_change": 0.0129,
    "breadth": 0.9333333333333333,
    "net_inflow": 3.05,
    "leader": "均瑶健康",
    "leader_pct_change": 0.0998
  },
  "白酒": {
    "label": "白酒",
    "score": 69.97,
    "pct_change": 0.0123,
    "breadth": 1.0,
    "net_inflow": 9.6,
    "leader": "舍得酒业",
    "leader_pct_change": 0.0304
  },
  "养殖业": {
    "label": "养殖业",
    "score": 68.72,
    "pct_change": 0.0121,
    "breadth": 0.9736842105263158,
    "net_inflow": 4.54,
    "leader": "獐子岛",
    "leader_pct_change": 0.0298
  },
  "种植业与林业": {
    "label": "种植业与林业",
    "score": 65.43,
    "pct_change": 0.011899999999999999,
    "breadth": 0.8666666666666667,
    "net_inflow": 2.01,
    "leader": "敦煌种业",
    "leader_pct_change": 0.0414
  },
  "厨卫电器": {
    "label": "厨卫电器",
    "score": 56.42,
    "pct_change": 0.0115,
    "breadth": 0.5555555555555556,
    "net_inflow": 0.43,
    "leader": "亿田智能",
    "leader_pct_change": 0.0588
  },
  "工业金属": {
    "label": "工业金属",
    "score": 64.44,
    "pct_change": 0.011200000000000002,
    "breadth": 0.8148148148148148,
    "net_inflow": 11.02,
    "leader": "万顺新材",
    "leader_pct_change": 0.0801
  },
  "橡胶制品": {
    "label": "橡胶制品",
    "score": 63.11,
    "pct_change": 0.0109,
    "breadth": 0.8,
    "net_inflow": 1.62,
    "leader": "科创新源",
    "leader_pct_change": 0.0481
  },
  "纺织制造": {
    "label": "纺织制造",
    "score": 64.74,
    "pct_change": 0.0108,
    "breadth": 0.8666666666666667,
    "net_inflow": -0.75,
    "leader": "华孚时尚",
    "leader_pct_change": 0.09949999999999999
  },
  "医药商业": {
    "label": "医药商业",
    "score": 66.69,
    "pct_change": 0.0104,
    "breadth": 0.9354838709677419,
    "net_inflow": 1.56,
    "leader": "百洋医药",
    "leader_pct_change": 0.0232
  },
  "影视院线": {
    "label": "影视院线",
    "score": 67.05,
    "pct_change": 0.0101,
    "breadth": 0.95,
    "net_inflow": 2.46,
    "leader": "华智数媒",
    "leader_pct_change": 0.0189
  },
  "游戏": {
    "label": "游戏",
    "score": 65.93,
    "pct_change": 0.0097,
    "breadth": 0.9130434782608695,
    "net_inflow": 3.51,
    "leader": "凯撒文化",
    "leader_pct_change": 0.03
  },
  "化学纤维": {
    "label": "化学纤维",
    "score": 61.21,
    "pct_change": 0.0095,
    "breadth": 0.75,
    "net_inflow": 2.65,
    "leader": "双欣材料",
    "leader_pct_change": 0.0481
  },
  "文化传媒": {
    "label": "文化传媒",
    "score": 62.94,
    "pct_change": 0.009000000000000001,
    "breadth": 0.8117647058823529,
    "net_inflow": 5.19,
    "leader": "天地在线",
    "leader_pct_change": 0.1
  },
  "软件开发": {
    "label": "软件开发",
    "score": 63.96,
    "pct_change": 0.0089,
    "breadth": 0.8382352941176471,
    "net_inflow": 8.98,
    "leader": "科创信息",
    "leader_pct_change": 0.08
  },
  "电机": {
    "label": "电机",
    "score": 61.1,
    "pct_change": 0.0087,
    "breadth": 0.76,
    "net_inflow": 1.96,
    "leader": "江特电机",
    "leader_pct_change": 0.1005
  },
  "电池": {
    "label": "电池",
    "score": 59.34,
    "pct_change": 0.0087,
    "breadth": 0.69,
    "net_inflow": 4.44,
    "leader": "滨海能源",
    "leader_pct_change": 0.1001
  },
  "轨交设备": {
    "label": "轨交设备",
    "score": 62.01,
    "pct_change": 0.0076,
    "breadth": 0.8148148148148148,
    "net_inflow": 0.04,
    "leader": "科安达",
    "leader_pct_change": 0.061500000000000006
  },
  "家居用品": {
    "label": "家居用品",
    "score": 61.34,
    "pct_change": 0.0075,
    "breadth": 0.7849462365591398,
    "net_inflow": 2.54,
    "leader": "联翔股份",
    "leader_pct_change": 0.0756
  },
  "半导体": {
    "label": "半导体",
    "score": 59.97,
    "pct_change": 0.0074,
    "breadth": 0.6608187134502924,
    "net_inflow": 28.27,
    "leader": "杰华特",
    "leader_pct_change": 0.11789999999999999
  },
  "通信服务": {
    "label": "通信服务",
    "score": 60.4,
    "pct_change": 0.0074,
    "breadth": 0.7441860465116279,
    "net_inflow": 5.48,
    "leader": "中富通",
    "leader_pct_change": 0.0527
  },
  "机场航运": {
    "label": "机场航运",
    "score": 60.4,
    "pct_change": 0.0074,
    "breadth": 0.75,
    "net_inflow": 3.5,
    "leader": "中国国航",
    "leader_pct_change": 0.022000000000000002
  },
  "自动化设备": {
    "label": "自动化设备",
    "score": 58.29,
    "pct_change": 0.0073,
    "breadth": 0.6483516483516484,
    "net_inflow": 12.86,
    "leader": "田中精机",
    "leader_pct_change": 0.1562
  },
  "综合": {
    "label": "综合",
    "score": 58.15,
    "pct_change": 0.0068000000000000005,
    "breadth": 0.6875,
    "net_inflow": 0.51,
    "leader": "群兴玩具",
    "leader_pct_change": 0.0378
  },
  "贸易": {
    "label": "贸易",
    "score": 62.62,
    "pct_change": 0.0063,